{
  "Update Booking" : {
    "transaction" : "Update Booking",
    "sampleCount" : 1000,
    "errorCount" : 0,
    "errorPct" : 0.0,
    "meanResTime" : 7495.076999999999,
    "medianResTime" : 8139.0,
    "minResTime" : 353.0,
    "maxResTime" : 12793.0,
    "pct1ResTime" : 11380.699999999999,
    "pct2ResTime" : 12295.8,
    "pct3ResTime" : 12741.560000000001,
    "throughput" : 29.78850163836759,
    "receivedKBytesPerSec" : 12.072488456955615,
    "sentKBytesPerSec" : 13.58518580577897
  },
  "Delete Booking" : {
    "transaction" : "Delete Booking",
    "sampleCount" : 1000,
    "errorCount" : 0,
    "errorPct" : 0.0,
    "meanResTime" : 4972.668000000003,
    "medianResTime" : 4296.5,
    "minResTime" : 395.0,
    "maxResTime" : 12593.0,
    "pct1ResTime" : 10202.5,
    "pct2ResTime" : 11036.699999999999,
    "pct3ResTime" : 12289.97,
    "throughput" : 29.24489676551442,
    "receivedKBytesPerSec" : 7.082748435398022,
    "sentKBytesPerSec" : 7.48258100836404
  },
  "Debug Sampler" : {
    "transaction" : "Debug Sampler",
    "sampleCount" : 2000,
    "errorCount" : 0,
    "errorPct" : 0.0,
    "meanResTime" : 0.07800000000000012,
    "medianResTime" : 0.0,
    "minResTime" : 0.0,
    "maxResTime" : 9.0,
    "pct1ResTime" : 0.0,
    "pct2ResTime" : 1.0,
    "pct3ResTime" : 1.0,
    "throughput" : 66.96802276912774,
    "receivedKBytesPerSec" : 24.051035650008373,
    "sentKBytesPerSec" : 0.0
  },
  "Total" : {
    "transaction" : "Total",
    "sampleCount" : 7000,
    "errorCount" : 0,
    "errorPct" : 0.0,
    "meanResTime" : 3740.2702857142913,
    "medianResTime" : 2007.0,
    "minResTime" : 0.0,
    "maxResTime" : 26069.0,
    "pct1ResTime" : 9610.800000000001,
    "pct2ResTime" : 11490.299999999997,
    "pct3ResTime" : 18003.989999999998,
    "throughput" : 187.66252915471435,
    "receivedKBytesPerSec" : 66.0935227524061,
    "sentKBytesPerSec" : 41.23444244122141
  },
  "Create Booking" : {
    "transaction" : "Create Booking",
    "sampleCount" : 1000,
    "errorCount" : 0,
    "errorPct" : 0.0,
    "meanResTime" : 8631.229999999992,
    "medianResTime" : 8040.0,
    "minResTime" : 1252.0,
    "maxResTime" : 26069.0,
    "pct1ResTime" : 17093.7,
    "pct2ResTime" : 19164.149999999998,
    "pct3ResTime" : 22906.06,
    "throughput" : 35.5391285805672,
    "receivedKBytesPerSec" : 15.34013167247139,
    "sentKBytesPerSec" : 14.923657509417868
  },
  "Get Booking" : {
    "transaction" : "Get Booking",
    "sampleCount" : 1000,
    "errorCount" : 0,
    "errorPct" : 0.0,
    "meanResTime" : 4617.291999999999,
    "medianResTime" : 5608.5,
    "minResTime" : 278.0,
    "maxResTime" : 13976.0,
    "pct1ResTime" : 6824.0,
    "pct2ResTime" : 6898.0,
    "pct3ResTime" : 7093.89,
    "throughput" : 33.78378378378378,
    "receivedKBytesPerSec" : 13.625686233108107,
    "sentKBytesPerSec" : 5.212732263513513
  },
  "Create Token" : {
    "transaction" : "Create Token",
    "sampleCount" : 1000,
    "errorCount" : 0,
    "errorPct" : 0.0,
    "meanResTime" : 465.4690000000005,
    "medianResTime" : 314.0,
    "minResTime" : 255.0,
    "maxResTime" : 9601.0,
    "pct1ResTime" : 426.4999999999999,
    "pct2ResTime" : 1264.0999999999988,
    "pct3ResTime" : 3543.9700000000003,
    "throughput" : 33.800912624640866,
    "receivedKBytesPerSec" : 8.945358712185229,
    "sentKBytesPerSec" : 8.516245563630218
  }
}