{
  "Update Booking" : {
    "transaction" : "Update Booking",
    "sampleCount" : 100,
    "errorCount" : 0,
    "errorPct" : 0.0,
    "meanResTime" : 356.06999999999994,
    "medianResTime" : 310.5,
    "minResTime" : 274.0,
    "maxResTime" : 670.0,
    "pct1ResTime" : 497.20000000000005,
    "pct2ResTime" : 584.3499999999997,
    "pct3ResTime" : 669.96,
    "throughput" : 9.615384615384617,
    "receivedKBytesPerSec" : 3.8968599759615383,
    "sentKBytesPerSec" : 4.385141225961538
  },
  "Delete Booking" : {
    "transaction" : "Delete Booking",
    "sampleCount" : 100,
    "errorCount" : 0,
    "errorPct" : 0.0,
    "meanResTime" : 373.4400000000001,
    "medianResTime" : 308.5,
    "minResTime" : 274.0,
    "maxResTime" : 2288.0,
    "pct1ResTime" : 519.0,
    "pct2ResTime" : 567.9,
    "pct3ResTime" : 2271.1399999999912,
    "throughput" : 9.615384615384617,
    "receivedKBytesPerSec" : 2.3287259615384617,
    "sentKBytesPerSec" : 2.460186298076923
  },
  "Debug Sampler" : {
    "transaction" : "Debug Sampler",
    "sampleCount" : 200,
    "errorCount" : 0,
    "errorPct" : 0.0,
    "meanResTime" : 0.1400000000000001,
    "medianResTime" : 0.0,
    "minResTime" : 0.0,
    "maxResTime" : 2.0,
    "pct1ResTime" : 1.0,
    "pct2ResTime" : 1.0,
    "pct3ResTime" : 2.0,
    "throughput" : 18.69333582577811,
    "receivedKBytesPerSec" : 6.695828757360501,
    "sentKBytesPerSec" : 0.0
  },
  "Total" : {
    "transaction" : "Total",
    "sampleCount" : 700,
    "errorCount" : 0,
    "errorPct" : 0.0,
    "meanResTime" : 399.244285714286,
    "medianResTime" : 288.0,
    "minResTime" : 0.0,
    "maxResTime" : 5502.0,
    "pct1ResTime" : 1121.0,
    "pct2ResTime" : 1263.6499999999996,
    "pct3ResTime" : 2286.2400000000016,
    "throughput" : 54.041534779587735,
    "receivedKBytesPerSec" : 19.018428404616692,
    "sentKBytesPerSec" : 11.87436066934301
  },
  "Create Booking" : {
    "transaction" : "Create Booking",
    "sampleCount" : 100,
    "errorCount" : 0,
    "errorPct" : 0.0,
    "meanResTime" : 1391.2300000000005,
    "medianResTime" : 1150.5,
    "minResTime" : 1088.0,
    "maxResTime" : 5502.0,
    "pct1ResTime" : 1793.4000000000003,
    "pct2ResTime" : 2677.7999999999984,
    "pct3ResTime" : 5483.26999999999,
    "throughput" : 8.473858147614608,
    "receivedKBytesPerSec" : 3.657661426997712,
    "sentKBytesPerSec" : 3.558358401830353
  },
  "Get Booking" : {
    "transaction" : "Get Booking",
    "sampleCount" : 100,
    "errorCount" : 0,
    "errorPct" : 0.0,
    "meanResTime" : 353.4399999999999,
    "medianResTime" : 310.5,
    "minResTime" : 270.0,
    "maxResTime" : 1342.0,
    "pct1ResTime" : 475.4000000000001,
    "pct2ResTime" : 513.4999999999999,
    "pct3ResTime" : 1334.6699999999962,
    "throughput" : 9.602458229306704,
    "receivedKBytesPerSec" : 3.872866453812176,
    "sentKBytesPerSec" : 1.4816292971000578
  },
  "Create Token" : {
    "transaction" : "Create Token",
    "sampleCount" : 100,
    "errorCount" : 0,
    "errorPct" : 0.0,
    "meanResTime" : 320.25000000000006,
    "medianResTime" : 281.5,
    "minResTime" : 267.0,
    "maxResTime" : 1397.0,
    "pct1ResTime" : 418.30000000000007,
    "pct2ResTime" : 442.95,
    "pct3ResTime" : 1392.3399999999976,
    "throughput" : 9.632983334938832,
    "receivedKBytesPerSec" : 2.549353988055101,
    "sentKBytesPerSec" : 2.42706025431076
  }
}