{
  "Update Booking" : {
    "transaction" : "Update Booking",
    "sampleCount" : 2100,
    "errorCount" : 2100,
    "errorPct" : 100.0,
    "meanResTime" : 15032.73285714287,
    "medianResTime" : 2289.5,
    "minResTime" : 1142.0,
    "maxResTime" : 30752.0,
    "pct1ResTime" : 30293.9,
    "pct2ResTime" : 30306.0,
    "pct3ResTime" : 30353.989999999998,
    "throughput" : 20.080705310868442,
    "receivedKBytesPerSec" : 9.230699812580083,
    "sentKBytesPerSec" : 9.02231020147641
  },
  "Delete Booking" : {
    "transaction" : "Delete Booking",
    "sampleCount" : 2100,
    "errorCount" : 2100,
    "errorPct" : 100.0,
    "meanResTime" : 8198.219523809525,
    "medianResTime" : 356.0,
    "minResTime" : 0.0,
    "maxResTime" : 31339.0,
    "pct1ResTime" : 31181.0,
    "pct2ResTime" : 31206.95,
    "pct3ResTime" : 31259.97,
    "throughput" : 27.827469687934805,
    "receivedKBytesPerSec" : 20.89900688647055,
    "sentKBytesPerSec" : 5.390291132478632
  },
  "Debug Sampler" : {
    "transaction" : "Debug Sampler",
    "sampleCount" : 4200,
    "errorCount" : 0,
    "errorPct" : 0.0,
    "meanResTime" : 0.06690476190476212,
    "medianResTime" : 0.0,
    "minResTime" : 0.0,
    "maxResTime" : 2.0,
    "pct1ResTime" : 0.0,
    "pct2ResTime" : 1.0,
    "pct3ResTime" : 1.0,
    "throughput" : 54.004706124390836,
    "receivedKBytesPerSec" : 19.28408002340204,
    "sentKBytesPerSec" : 0.0
  },
  "Total" : {
    "transaction" : "Total",
    "sampleCount" : 14700,
    "errorCount" : 6458,
    "errorPct" : 43.931973,
    "meanResTime" : 9019.784353741481,
    "medianResTime" : 377.0,
    "minResTime" : 0.0,
    "maxResTime" : 48039.0,
    "pct1ResTime" : 30286.0,
    "pct2ResTime" : 30314.0,
    "pct3ResTime" : 31198.0,
    "throughput" : 131.64493480441325,
    "receivedKBytesPerSec" : 77.63894886389077,
    "sentKBytesPerSec" : 25.14831219383597
  },
  "Create Booking" : {
    "transaction" : "Create Booking",
    "sampleCount" : 2100,
    "errorCount" : 0,
    "errorPct" : 0.0,
    "meanResTime" : 14270.062857142857,
    "medianResTime" : 14149.5,
    "minResTime" : 1452.0,
    "maxResTime" : 48039.0,
    "pct1ResTime" : 19764.8,
    "pct2ResTime" : 23040.9,
    "pct3ResTime" : 30775.809999999998,
    "throughput" : 43.10344827586207,
    "receivedKBytesPerSec" : 18.647292564655174,
    "sentKBytesPerSec" : 18.100080818965516
  },
  "Get Booking" : {
    "transaction" : "Get Booking",
    "sampleCount" : 2100,
    "errorCount" : 1150,
    "errorPct" : 54.761906,
    "meanResTime" : 25469.099047619038,
    "medianResTime" : 30274.0,
    "minResTime" : 3089.0,
    "maxResTime" : 30656.0,
    "pct1ResTime" : 30296.9,
    "pct2ResTime" : 30311.0,
    "pct3ResTime" : 30443.0,
    "throughput" : 27.423377776617,
    "receivedKBytesPerSec" : 15.489413433537486,
    "sentKBytesPerSec" : 4.2581221352364285
  },
  "Create Token" : {
    "transaction" : "Create Token",
    "sampleCount" : 2100,
    "errorCount" : 1108,
    "errorPct" : 52.761906,
    "meanResTime" : 168.2423809523808,
    "medianResTime" : 1.0,
    "minResTime" : 0.0,
    "maxResTime" : 1247.0,
    "pct1ResTime" : 335.0,
    "pct2ResTime" : 376.9499999999998,
    "pct3ResTime" : 1191.9899999999998,
    "throughput" : 28.121108239484716,
    "receivedKBytesPerSec" : 33.9144959291348,
    "sentKBytesPerSec" : 3.3469140431458144
  }
}