{
  "Update Booking" : {
    "transaction" : "Update Booking",
    "sampleCount" : 1500,
    "errorCount" : 0,
    "errorPct" : 0.0,
    "meanResTime" : 19225.45666666666,
    "medianResTime" : 23641.0,
    "minResTime" : 250.0,
    "maxResTime" : 44929.0,
    "pct1ResTime" : 28586.6,
    "pct2ResTime" : 28840.75,
    "pct3ResTime" : 35983.79,
    "throughput" : 10.274817108255473,
    "receivedKBytesPerSec" : 4.164110449146505,
    "sentKBytesPerSec" : 4.685878505425103
  },
  "Delete Booking" : {
    "transaction" : "Delete Booking",
    "sampleCount" : 1500,
    "errorCount" : 0,
    "errorPct" : 0.0,
    "meanResTime" : 12276.108666666682,
    "medianResTime" : 11968.5,
    "minResTime" : 254.0,
    "maxResTime" : 42952.0,
    "pct1ResTime" : 26189.9,
    "pct2ResTime" : 26732.15,
    "pct3ResTime" : 28583.82,
    "throughput" : 10.320343461030383,
    "receivedKBytesPerSec" : 2.499458181968296,
    "sentKBytesPerSec" : 2.6405566277245707
  },
  "Debug Sampler" : {
    "transaction" : "Debug Sampler",
    "sampleCount" : 3000,
    "errorCount" : 0,
    "errorPct" : 0.0,
    "meanResTime" : 0.07266666666666657,
    "medianResTime" : 0.0,
    "minResTime" : 0.0,
    "maxResTime" : 12.0,
    "pct1ResTime" : 0.0,
    "pct2ResTime" : 1.0,
    "pct3ResTime" : 1.0,
    "throughput" : 20.37116258224857,
    "receivedKBytesPerSec" : 7.323406423367082,
    "sentKBytesPerSec" : 0.0
  },
  "Total" : {
    "transaction" : "Total",
    "sampleCount" : 10500,
    "errorCount" : 0,
    "errorPct" : 0.0,
    "meanResTime" : 11559.576761904736,
    "medianResTime" : 3779.5,
    "minResTime" : 0.0,
    "maxResTime" : 146761.0,
    "pct1ResTime" : 28862.0,
    "pct2ResTime" : 41710.899999999994,
    "pct3ResTime" : 68835.94,
    "throughput" : 69.87143655673562,
    "receivedKBytesPerSec" : 24.615384775346694,
    "sentKBytesPerSec" : 15.35261057154835
  },
  "Create Booking" : {
    "transaction" : "Create Booking",
    "sampleCount" : 1500,
    "errorCount" : 0,
    "errorPct" : 0.0,
    "meanResTime" : 36616.840000000004,
    "medianResTime" : 39379.5,
    "minResTime" : 1650.0,
    "maxResTime" : 146761.0,
    "pct1ResTime" : 67469.90000000001,
    "pct2ResTime" : 70426.95,
    "pct3ResTime" : 76492.85,
    "throughput" : 10.104140002963883,
    "receivedKBytesPerSec" : 4.361357305966831,
    "sentKBytesPerSec" : 4.242949415307098
  },
  "Get Booking" : {
    "transaction" : "Get Booking",
    "sampleCount" : 1500,
    "errorCount" : 0,
    "errorPct" : 0.0,
    "meanResTime" : 11841.28533333335,
    "medianResTime" : 12415.5,
    "minResTime" : 431.0,
    "maxResTime" : 40778.0,
    "pct1ResTime" : 15820.900000000001,
    "pct2ResTime" : 17403.000000000007,
    "pct3ResTime" : 27396.92,
    "throughput" : 10.203387524658186,
    "receivedKBytesPerSec" : 4.115233445003741,
    "sentKBytesPerSec" : 1.5743508094687437
  },
  "Create Token" : {
    "transaction" : "Create Token",
    "sampleCount" : 1500,
    "errorCount" : 0,
    "errorPct" : 0.0,
    "meanResTime" : 957.2013333333332,
    "medianResTime" : 427.5,
    "minResTime" : 248.0,
    "maxResTime" : 49170.0,
    "pct1ResTime" : 1374.6000000000004,
    "pct2ResTime" : 2096.850000000002,
    "pct3ResTime" : 18947.980000000007,
    "throughput" : 10.251013141798849,
    "receivedKBytesPerSec" : 2.712914610769031,
    "sentKBytesPerSec" : 2.5827747954922877
  }
}