{
  "Update Booking" : {
    "transaction" : "Update Booking",
    "sampleCount" : 2000,
    "errorCount" : 0,
    "errorPct" : 0.0,
    "meanResTime" : 23553.307500000054,
    "medianResTime" : 24884.0,
    "minResTime" : 6718.0,
    "maxResTime" : 28252.0,
    "pct1ResTime" : 27958.0,
    "pct2ResTime" : 28015.9,
    "pct3ResTime" : 28110.0,
    "throughput" : 31.279813572311113,
    "receivedKBytesPerSec" : 12.676877570809678,
    "sentKBytesPerSec" : 14.295852296720312
  },
  "Delete Booking" : {
    "transaction" : "Delete Booking",
    "sampleCount" : 2000,
    "errorCount" : 0,
    "errorPct" : 0.0,
    "meanResTime" : 16644.895500000002,
    "medianResTime" : 15326.0,
    "minResTime" : 7026.0,
    "maxResTime" : 28286.0,
    "pct1ResTime" : 27464.100000000002,
    "pct2ResTime" : 27920.9,
    "pct3ResTime" : 28021.97,
    "throughput" : 31.260745881396733,
    "receivedKBytesPerSec" : 7.570961893150771,
    "sentKBytesPerSec" : 8.028882975397792
  },
  "Debug Sampler" : {
    "transaction" : "Debug Sampler",
    "sampleCount" : 4000,
    "errorCount" : 0,
    "errorPct" : 0.0,
    "meanResTime" : 4.374249999999998,
    "medianResTime" : 0.0,
    "minResTime" : 0.0,
    "maxResTime" : 414.0,
    "pct1ResTime" : 1.0,
    "pct2ResTime" : 1.0,
    "pct3ResTime" : 177.0,
    "throughput" : 84.67579754016809,
    "receivedKBytesPerSec" : 30.538545514564237,
    "sentKBytesPerSec" : 0.0
  },
  "Total" : {
    "transaction" : "Total",
    "sampleCount" : 14000,
    "errorCount" : 0,
    "errorPct" : 0.0,
    "meanResTime" : 9077.140000000003,
    "medianResTime" : 6689.5,
    "minResTime" : 0.0,
    "maxResTime" : 31744.0,
    "pct1ResTime" : 24867.6,
    "pct2ResTime" : 27700.949999999997,
    "pct3ResTime" : 28014.0,
    "throughput" : 183.96362776273946,
    "receivedKBytesPerSec" : 64.8958516407256,
    "sentKBytesPerSec" : 40.49868925915219
  },
  "Create Booking" : {
    "transaction" : "Create Booking",
    "sampleCount" : 2000,
    "errorCount" : 0,
    "errorPct" : 0.0,
    "meanResTime" : 12572.100500000013,
    "medianResTime" : 12874.0,
    "minResTime" : 1291.0,
    "maxResTime" : 31744.0,
    "pct1ResTime" : 22935.8,
    "pct2ResTime" : 24446.5,
    "pct3ResTime" : 27571.2,
    "throughput" : 59.619626781136354,
    "receivedKBytesPerSec" : 25.792475257854885,
    "sentKBytesPerSec" : 25.035585464734993
  },
  "Get Booking" : {
    "transaction" : "Get Booking",
    "sampleCount" : 2000,
    "errorCount" : 0,
    "errorPct" : 0.0,
    "meanResTime" : 10389.395500000004,
    "medianResTime" : 10521.0,
    "minResTime" : 330.0,
    "maxResTime" : 18083.0,
    "pct1ResTime" : 16591.0,
    "pct2ResTime" : 17214.8,
    "pct3ResTime" : 17901.94,
    "throughput" : 42.960862654122096,
    "receivedKBytesPerSec" : 17.326988550930103,
    "sentKBytesPerSec" : 6.670680822270911
  },
  "Create Token" : {
    "transaction" : "Create Token",
    "sampleCount" : 2000,
    "errorCount" : 0,
    "errorPct" : 0.0,
    "meanResTime" : 371.5325000000007,
    "medianResTime" : 296.0,
    "minResTime" : 272.0,
    "maxResTime" : 10668.0,
    "pct1ResTime" : 403.8000000000002,
    "pct2ResTime" : 496.0,
    "pct3ResTime" : 1987.4700000000014,
    "throughput" : 42.98579319534894,
    "receivedKBytesPerSec" : 11.376123003847228,
    "sentKBytesPerSec" : 10.8304049261719
  }
}